pos_4_frame_15_1.png,C:\Users\dunli\Documents\STSY-project-main\Training Data\Original Data\test_images\pos_4_frame_15_1.png,1.402710199356079
pos_4_frame_15_2.png,C:\Users\dunli\Documents\STSY-project-main\Training Data\Original Data\test_images\pos_4_frame_15_2.png,0.032231807708740234
pos_4_frame_15_3.png,C:\Users\dunli\Documents\STSY-project-main\Training Data\Original Data\test_images\pos_4_frame_15_3.png,0.03252100944519043
pos_4_frame_15_4.png,C:\Users\dunli\Documents\STSY-project-main\Training Data\Original Data\test_images\pos_4_frame_15_4.png,0.0340883731842041
pos_4_frame_55_1.png,C:\Users\dunli\Documents\STSY-project-main\Training Data\Original Data\test_images\pos_4_frame_55_1.png,0.03339123725891113
pos_4_frame_55_2.png,C:\Users\dunli\Documents\STSY-project-main\Training Data\Original Data\test_images\pos_4_frame_55_2.png,0.03428769111633301
pos_4_frame_55_3.png,C:\Users\dunli\Documents\STSY-project-main\Training Data\Original Data\test_images\pos_4_frame_55_3.png,0.0310821533203125
pos_4_frame_55_4.png,C:\Users\dunli\Documents\STSY-project-main\Training Data\Original Data\test_images\pos_4_frame_55_4.png,0.031117677688598633
pos_4_frame_80_1.png,C:\Users\dunli\Documents\STSY-project-main\Training Data\Original Data\test_images\pos_4_frame_80_1.png,0.029598236083984375
pos_4_frame_80_2.png,C:\Users\dunli\Documents\STSY-project-main\Training Data\Original Data\test_images\pos_4_frame_80_2.png,0.029859542846679688
pos_4_frame_80_3.png,C:\Users\dunli\Documents\STSY-project-main\Training Data\Original Data\test_images\pos_4_frame_80_3.png,0.030330419540405273
pos_4_frame_80_4.png,C:\Users\dunli\Documents\STSY-project-main\Training Data\Original Data\test_images\pos_4_frame_80_4.png,0.02989983558654785
pos_4_fr_1_1.png,C:\Users\dunli\Documents\STSY-project-main\Training Data\Original Data\test_images\pos_4_fr_1_1.png,0.029513835906982422
pos_4_fr_1_2.png,C:\Users\dunli\Documents\STSY-project-main\Training Data\Original Data\test_images\pos_4_fr_1_2.png,0.030783891677856445
pos_4_fr_1_3.png,C:\Users\dunli\Documents\STSY-project-main\Training Data\Original Data\test_images\pos_4_fr_1_3.png,0.030614614486694336
pos_4_fr_1_4.png,C:\Users\dunli\Documents\STSY-project-main\Training Data\Original Data\test_images\pos_4_fr_1_4.png,0.030351638793945312
pos_4_fr_30_1.png,C:\Users\dunli\Documents\STSY-project-main\Training Data\Original Data\test_images\pos_4_fr_30_1.png,0.03077220916748047
pos_4_fr_30_2.png,C:\Users\dunli\Documents\STSY-project-main\Training Data\Original Data\test_images\pos_4_fr_30_2.png,0.030236244201660156
pos_4_fr_30_3.png,C:\Users\dunli\Documents\STSY-project-main\Training Data\Original Data\test_images\pos_4_fr_30_3.png,0.030447006225585938
pos_4_fr_30_4.png,C:\Users\dunli\Documents\STSY-project-main\Training Data\Original Data\test_images\pos_4_fr_30_4.png,0.031418800354003906
pos_6_frame_15_1.png,C:\Users\dunli\Documents\STSY-project-main\Training Data\Original Data\test_images\pos_6_frame_15_1.png,0.03232884407043457
pos_6_frame_15_2.png,C:\Users\dunli\Documents\STSY-project-main\Training Data\Original Data\test_images\pos_6_frame_15_2.png,0.032906293869018555
pos_6_frame_15_3.png,C:\Users\dunli\Documents\STSY-project-main\Training Data\Original Data\test_images\pos_6_frame_15_3.png,0.03356027603149414
pos_6_frame_15_4.png,C:\Users\dunli\Documents\STSY-project-main\Training Data\Original Data\test_images\pos_6_frame_15_4.png,0.03178858757019043
pos_6_frame_1_1.png,C:\Users\dunli\Documents\STSY-project-main\Training Data\Original Data\test_images\pos_6_frame_1_1.png,0.033124446868896484
pos_6_frame_1_2.png,C:\Users\dunli\Documents\STSY-project-main\Training Data\Original Data\test_images\pos_6_frame_1_2.png,0.030036449432373047
pos_6_frame_1_3.png,C:\Users\dunli\Documents\STSY-project-main\Training Data\Original Data\test_images\pos_6_frame_1_3.png,0.03128933906555176
pos_6_frame_1_4.png,C:\Users\dunli\Documents\STSY-project-main\Training Data\Original Data\test_images\pos_6_frame_1_4.png,0.0301973819732666
pos_6_frame_30_1.png,C:\Users\dunli\Documents\STSY-project-main\Training Data\Original Data\test_images\pos_6_frame_30_1.png,0.03135871887207031
pos_6_frame_30_2.png,C:\Users\dunli\Documents\STSY-project-main\Training Data\Original Data\test_images\pos_6_frame_30_2.png,0.030602693557739258
pos_6_frame_30_3.png,C:\Users\dunli\Documents\STSY-project-main\Training Data\Original Data\test_images\pos_6_frame_30_3.png,0.030205726623535156
pos_6_frame_30_4.png,C:\Users\dunli\Documents\STSY-project-main\Training Data\Original Data\test_images\pos_6_frame_30_4.png,0.029871463775634766
pos_6_frame_55_1.png,C:\Users\dunli\Documents\STSY-project-main\Training Data\Original Data\test_images\pos_6_frame_55_1.png,0.03233599662780762
pos_6_frame_55_2.png,C:\Users\dunli\Documents\STSY-project-main\Training Data\Original Data\test_images\pos_6_frame_55_2.png,0.03283810615539551
pos_6_frame_55_3.png,C:\Users\dunli\Documents\STSY-project-main\Training Data\Original Data\test_images\pos_6_frame_55_3.png,0.031900644302368164
pos_6_frame_55_4.png,C:\Users\dunli\Documents\STSY-project-main\Training Data\Original Data\test_images\pos_6_frame_55_4.png,0.031857967376708984
pos_6_frame_80_1.png,C:\Users\dunli\Documents\STSY-project-main\Training Data\Original Data\test_images\pos_6_frame_80_1.png,0.03231930732727051
pos_6_frame_80_2.png,C:\Users\dunli\Documents\STSY-project-main\Training Data\Original Data\test_images\pos_6_frame_80_2.png,0.03214621543884277
pos_6_frame_80_3.png,C:\Users\dunli\Documents\STSY-project-main\Training Data\Original Data\test_images\pos_6_frame_80_3.png,0.031592369079589844
pos_6_frame_80_4.png,C:\Users\dunli\Documents\STSY-project-main\Training Data\Original Data\test_images\pos_6_frame_80_4.png,0.0328373908996582
pos_8_frame_15_1.png,C:\Users\dunli\Documents\STSY-project-main\Training Data\Original Data\test_images\pos_8_frame_15_1.png,0.03186154365539551
pos_8_frame_15_2.png,C:\Users\dunli\Documents\STSY-project-main\Training Data\Original Data\test_images\pos_8_frame_15_2.png,0.03227710723876953
pos_8_frame_15_3.png,C:\Users\dunli\Documents\STSY-project-main\Training Data\Original Data\test_images\pos_8_frame_15_3.png,0.03180503845214844
pos_8_frame_15_4.png,C:\Users\dunli\Documents\STSY-project-main\Training Data\Original Data\test_images\pos_8_frame_15_4.png,0.03241229057312012
pos_8_frame_1_1.png,C:\Users\dunli\Documents\STSY-project-main\Training Data\Original Data\test_images\pos_8_frame_1_1.png,0.03197503089904785
pos_8_frame_1_2.png,C:\Users\dunli\Documents\STSY-project-main\Training Data\Original Data\test_images\pos_8_frame_1_2.png,0.03237128257751465
pos_8_frame_1_3.png,C:\Users\dunli\Documents\STSY-project-main\Training Data\Original Data\test_images\pos_8_frame_1_3.png,0.03227043151855469
pos_8_frame_1_4.png,C:\Users\dunli\Documents\STSY-project-main\Training Data\Original Data\test_images\pos_8_frame_1_4.png,0.0330815315246582
pos_8_frame_30_1.png,C:\Users\dunli\Documents\STSY-project-main\Training Data\Original Data\test_images\pos_8_frame_30_1.png,0.03162741661071777
pos_8_frame_30_2.png,C:\Users\dunli\Documents\STSY-project-main\Training Data\Original Data\test_images\pos_8_frame_30_2.png,0.03286623954772949
pos_8_frame_30_3.png,C:\Users\dunli\Documents\STSY-project-main\Training Data\Original Data\test_images\pos_8_frame_30_3.png,0.03125143051147461
pos_8_frame_30_4.png,C:\Users\dunli\Documents\STSY-project-main\Training Data\Original Data\test_images\pos_8_frame_30_4.png,0.03176403045654297
pos_8_frame_55_1.png,C:\Users\dunli\Documents\STSY-project-main\Training Data\Original Data\test_images\pos_8_frame_55_1.png,0.03302645683288574
pos_8_frame_55_2.png,C:\Users\dunli\Documents\STSY-project-main\Training Data\Original Data\test_images\pos_8_frame_55_2.png,0.03221535682678223
pos_8_frame_55_3.png,C:\Users\dunli\Documents\STSY-project-main\Training Data\Original Data\test_images\pos_8_frame_55_3.png,0.03290987014770508
pos_8_frame_55_4.png,C:\Users\dunli\Documents\STSY-project-main\Training Data\Original Data\test_images\pos_8_frame_55_4.png,0.03275442123413086
pos_8_frame_80_1.png,C:\Users\dunli\Documents\STSY-project-main\Training Data\Original Data\test_images\pos_8_frame_80_1.png,0.03129458427429199
pos_8_frame_80_2.png,C:\Users\dunli\Documents\STSY-project-main\Training Data\Original Data\test_images\pos_8_frame_80_2.png,0.032430171966552734
pos_8_frame_80_3.png,C:\Users\dunli\Documents\STSY-project-main\Training Data\Original Data\test_images\pos_8_frame_80_3.png,0.030277252197265625
pos_8_frame_80_4.png,C:\Users\dunli\Documents\STSY-project-main\Training Data\Original Data\test_images\pos_8_frame_80_4.png,0.030857563018798828
pos_4_frame_15_1.png,C:\Users\dunli\Documents\STSY-project-main\Training Data\Original Data\test_images\pos_4_frame_15_1.png,1.4727599620819092
pos_4_frame_15_2.png,C:\Users\dunli\Documents\STSY-project-main\Training Data\Original Data\test_images\pos_4_frame_15_2.png,0.03416156768798828
pos_4_frame_15_3.png,C:\Users\dunli\Documents\STSY-project-main\Training Data\Original Data\test_images\pos_4_frame_15_3.png,0.03333401679992676
pos_4_frame_15_4.png,C:\Users\dunli\Documents\STSY-project-main\Training Data\Original Data\test_images\pos_4_frame_15_4.png,0.03322577476501465
pos_4_frame_55_1.png,C:\Users\dunli\Documents\STSY-project-main\Training Data\Original Data\test_images\pos_4_frame_55_1.png,0.03369951248168945
pos_4_frame_55_2.png,C:\Users\dunli\Documents\STSY-project-main\Training Data\Original Data\test_images\pos_4_frame_55_2.png,0.033477067947387695
pos_4_frame_55_3.png,C:\Users\dunli\Documents\STSY-project-main\Training Data\Original Data\test_images\pos_4_frame_55_3.png,0.03035449981689453
pos_4_frame_55_4.png,C:\Users\dunli\Documents\STSY-project-main\Training Data\Original Data\test_images\pos_4_frame_55_4.png,0.0299990177154541
pos_4_frame_80_1.png,C:\Users\dunli\Documents\STSY-project-main\Training Data\Original Data\test_images\pos_4_frame_80_1.png,0.031178951263427734
pos_4_frame_80_2.png,C:\Users\dunli\Documents\STSY-project-main\Training Data\Original Data\test_images\pos_4_frame_80_2.png,0.02922201156616211
pos_4_frame_80_3.png,C:\Users\dunli\Documents\STSY-project-main\Training Data\Original Data\test_images\pos_4_frame_80_3.png,0.029252290725708008
pos_4_frame_80_4.png,C:\Users\dunli\Documents\STSY-project-main\Training Data\Original Data\test_images\pos_4_frame_80_4.png,0.029486417770385742
pos_4_fr_1_1.png,C:\Users\dunli\Documents\STSY-project-main\Training Data\Original Data\test_images\pos_4_fr_1_1.png,0.02944016456604004
pos_4_fr_1_2.png,C:\Users\dunli\Documents\STSY-project-main\Training Data\Original Data\test_images\pos_4_fr_1_2.png,0.02916431427001953
pos_4_fr_1_3.png,C:\Users\dunli\Documents\STSY-project-main\Training Data\Original Data\test_images\pos_4_fr_1_3.png,0.029951810836791992
pos_4_fr_1_4.png,C:\Users\dunli\Documents\STSY-project-main\Training Data\Original Data\test_images\pos_4_fr_1_4.png,0.029120445251464844
pos_4_fr_30_1.png,C:\Users\dunli\Documents\STSY-project-main\Training Data\Original Data\test_images\pos_4_fr_30_1.png,0.029556751251220703
pos_4_fr_30_2.png,C:\Users\dunli\Documents\STSY-project-main\Training Data\Original Data\test_images\pos_4_fr_30_2.png,0.030188798904418945
pos_4_fr_30_3.png,C:\Users\dunli\Documents\STSY-project-main\Training Data\Original Data\test_images\pos_4_fr_30_3.png,0.029773950576782227
pos_4_fr_30_4.png,C:\Users\dunli\Documents\STSY-project-main\Training Data\Original Data\test_images\pos_4_fr_30_4.png,0.029790401458740234
pos_6_frame_15_1.png,C:\Users\dunli\Documents\STSY-project-main\Training Data\Original Data\test_images\pos_6_frame_15_1.png,0.03001880645751953
pos_6_frame_15_2.png,C:\Users\dunli\Documents\STSY-project-main\Training Data\Original Data\test_images\pos_6_frame_15_2.png,0.029212236404418945
pos_6_frame_15_3.png,C:\Users\dunli\Documents\STSY-project-main\Training Data\Original Data\test_images\pos_6_frame_15_3.png,0.029808998107910156
pos_6_frame_15_4.png,C:\Users\dunli\Documents\STSY-project-main\Training Data\Original Data\test_images\pos_6_frame_15_4.png,0.029539823532104492
pos_6_frame_1_1.png,C:\Users\dunli\Documents\STSY-project-main\Training Data\Original Data\test_images\pos_6_frame_1_1.png,0.029359817504882812
pos_6_frame_1_2.png,C:\Users\dunli\Documents\STSY-project-main\Training Data\Original Data\test_images\pos_6_frame_1_2.png,0.029326677322387695
pos_6_frame_1_3.png,C:\Users\dunli\Documents\STSY-project-main\Training Data\Original Data\test_images\pos_6_frame_1_3.png,0.02970266342163086
pos_6_frame_1_4.png,C:\Users\dunli\Documents\STSY-project-main\Training Data\Original Data\test_images\pos_6_frame_1_4.png,0.028528928756713867
pos_6_frame_30_1.png,C:\Users\dunli\Documents\STSY-project-main\Training Data\Original Data\test_images\pos_6_frame_30_1.png,0.030488252639770508
pos_6_frame_30_2.png,C:\Users\dunli\Documents\STSY-project-main\Training Data\Original Data\test_images\pos_6_frame_30_2.png,0.029921293258666992
pos_6_frame_30_3.png,C:\Users\dunli\Documents\STSY-project-main\Training Data\Original Data\test_images\pos_6_frame_30_3.png,0.028750181198120117
pos_6_frame_30_4.png,C:\Users\dunli\Documents\STSY-project-main\Training Data\Original Data\test_images\pos_6_frame_30_4.png,0.03002619743347168
pos_6_frame_55_1.png,C:\Users\dunli\Documents\STSY-project-main\Training Data\Original Data\test_images\pos_6_frame_55_1.png,0.029473543167114258
pos_6_frame_55_2.png,C:\Users\dunli\Documents\STSY-project-main\Training Data\Original Data\test_images\pos_6_frame_55_2.png,0.028621673583984375
pos_6_frame_55_3.png,C:\Users\dunli\Documents\STSY-project-main\Training Data\Original Data\test_images\pos_6_frame_55_3.png,0.029574155807495117
pos_6_frame_55_4.png,C:\Users\dunli\Documents\STSY-project-main\Training Data\Original Data\test_images\pos_6_frame_55_4.png,0.0297243595123291
pos_6_frame_80_1.png,C:\Users\dunli\Documents\STSY-project-main\Training Data\Original Data\test_images\pos_6_frame_80_1.png,0.02977728843688965
pos_6_frame_80_2.png,C:\Users\dunli\Documents\STSY-project-main\Training Data\Original Data\test_images\pos_6_frame_80_2.png,0.029307126998901367
pos_6_frame_80_3.png,C:\Users\dunli\Documents\STSY-project-main\Training Data\Original Data\test_images\pos_6_frame_80_3.png,0.029016494750976562
pos_6_frame_80_4.png,C:\Users\dunli\Documents\STSY-project-main\Training Data\Original Data\test_images\pos_6_frame_80_4.png,0.03185009956359863
pos_8_frame_15_1.png,C:\Users\dunli\Documents\STSY-project-main\Training Data\Original Data\test_images\pos_8_frame_15_1.png,0.03119826316833496
pos_8_frame_15_2.png,C:\Users\dunli\Documents\STSY-project-main\Training Data\Original Data\test_images\pos_8_frame_15_2.png,0.030127525329589844
pos_8_frame_15_3.png,C:\Users\dunli\Documents\STSY-project-main\Training Data\Original Data\test_images\pos_8_frame_15_3.png,0.029491424560546875
pos_8_frame_15_4.png,C:\Users\dunli\Documents\STSY-project-main\Training Data\Original Data\test_images\pos_8_frame_15_4.png,0.02957916259765625
pos_8_frame_1_1.png,C:\Users\dunli\Documents\STSY-project-main\Training Data\Original Data\test_images\pos_8_frame_1_1.png,0.030199766159057617
pos_8_frame_1_2.png,C:\Users\dunli\Documents\STSY-project-main\Training Data\Original Data\test_images\pos_8_frame_1_2.png,0.029204368591308594
pos_8_frame_1_3.png,C:\Users\dunli\Documents\STSY-project-main\Training Data\Original Data\test_images\pos_8_frame_1_3.png,0.028037548065185547
pos_8_frame_1_4.png,C:\Users\dunli\Documents\STSY-project-main\Training Data\Original Data\test_images\pos_8_frame_1_4.png,0.029410839080810547
pos_8_frame_30_1.png,C:\Users\dunli\Documents\STSY-project-main\Training Data\Original Data\test_images\pos_8_frame_30_1.png,0.02956867218017578
pos_8_frame_30_2.png,C:\Users\dunli\Documents\STSY-project-main\Training Data\Original Data\test_images\pos_8_frame_30_2.png,0.0290679931640625
pos_8_frame_30_3.png,C:\Users\dunli\Documents\STSY-project-main\Training Data\Original Data\test_images\pos_8_frame_30_3.png,0.02808690071105957
pos_8_frame_30_4.png,C:\Users\dunli\Documents\STSY-project-main\Training Data\Original Data\test_images\pos_8_frame_30_4.png,0.03018355369567871
pos_8_frame_55_1.png,C:\Users\dunli\Documents\STSY-project-main\Training Data\Original Data\test_images\pos_8_frame_55_1.png,0.029371261596679688
pos_8_frame_55_2.png,C:\Users\dunli\Documents\STSY-project-main\Training Data\Original Data\test_images\pos_8_frame_55_2.png,0.02985215187072754
pos_8_frame_55_3.png,C:\Users\dunli\Documents\STSY-project-main\Training Data\Original Data\test_images\pos_8_frame_55_3.png,0.029790163040161133
pos_8_frame_55_4.png,C:\Users\dunli\Documents\STSY-project-main\Training Data\Original Data\test_images\pos_8_frame_55_4.png,0.029232263565063477
pos_8_frame_80_1.png,C:\Users\dunli\Documents\STSY-project-main\Training Data\Original Data\test_images\pos_8_frame_80_1.png,0.03147292137145996
pos_8_frame_80_2.png,C:\Users\dunli\Documents\STSY-project-main\Training Data\Original Data\test_images\pos_8_frame_80_2.png,0.029511690139770508
pos_8_frame_80_3.png,C:\Users\dunli\Documents\STSY-project-main\Training Data\Original Data\test_images\pos_8_frame_80_3.png,0.031276702880859375
pos_8_frame_80_4.png,C:\Users\dunli\Documents\STSY-project-main\Training Data\Original Data\test_images\pos_8_frame_80_4.png,0.028979063034057617
pos_4_frame_15_1.png,C:\Users\dunli\Documents\STSY-project-main\Training Data\Original Data\test_images\pos_4_frame_15_1.png,1.4229063987731934
pos_4_frame_15_2.png,C:\Users\dunli\Documents\STSY-project-main\Training Data\Original Data\test_images\pos_4_frame_15_2.png,0.03292965888977051
pos_4_frame_15_3.png,C:\Users\dunli\Documents\STSY-project-main\Training Data\Original Data\test_images\pos_4_frame_15_3.png,0.03254961967468262
pos_4_frame_15_4.png,C:\Users\dunli\Documents\STSY-project-main\Training Data\Original Data\test_images\pos_4_frame_15_4.png,0.03410172462463379
pos_4_frame_55_1.png,C:\Users\dunli\Documents\STSY-project-main\Training Data\Original Data\test_images\pos_4_frame_55_1.png,0.03483319282531738
pos_4_frame_55_2.png,C:\Users\dunli\Documents\STSY-project-main\Training Data\Original Data\test_images\pos_4_frame_55_2.png,0.034467458724975586
pos_4_frame_55_3.png,C:\Users\dunli\Documents\STSY-project-main\Training Data\Original Data\test_images\pos_4_frame_55_3.png,0.03320956230163574
pos_4_frame_55_4.png,C:\Users\dunli\Documents\STSY-project-main\Training Data\Original Data\test_images\pos_4_frame_55_4.png,0.02949380874633789
pos_4_frame_80_1.png,C:\Users\dunli\Documents\STSY-project-main\Training Data\Original Data\test_images\pos_4_frame_80_1.png,0.029642343521118164
pos_4_frame_80_2.png,C:\Users\dunli\Documents\STSY-project-main\Training Data\Original Data\test_images\pos_4_frame_80_2.png,0.029657363891601562
pos_4_frame_80_3.png,C:\Users\dunli\Documents\STSY-project-main\Training Data\Original Data\test_images\pos_4_frame_80_3.png,0.029122114181518555
pos_4_frame_80_4.png,C:\Users\dunli\Documents\STSY-project-main\Training Data\Original Data\test_images\pos_4_frame_80_4.png,0.030332088470458984
pos_4_fr_1_1.png,C:\Users\dunli\Documents\STSY-project-main\Training Data\Original Data\test_images\pos_4_fr_1_1.png,0.029111146926879883
pos_4_fr_1_2.png,C:\Users\dunli\Documents\STSY-project-main\Training Data\Original Data\test_images\pos_4_fr_1_2.png,0.0290067195892334
pos_4_fr_1_3.png,C:\Users\dunli\Documents\STSY-project-main\Training Data\Original Data\test_images\pos_4_fr_1_3.png,0.030369281768798828
pos_4_fr_1_4.png,C:\Users\dunli\Documents\STSY-project-main\Training Data\Original Data\test_images\pos_4_fr_1_4.png,0.029644250869750977
pos_4_fr_30_1.png,C:\Users\dunli\Documents\STSY-project-main\Training Data\Original Data\test_images\pos_4_fr_30_1.png,0.02969646453857422
pos_4_fr_30_2.png,C:\Users\dunli\Documents\STSY-project-main\Training Data\Original Data\test_images\pos_4_fr_30_2.png,0.028992652893066406
pos_4_fr_30_3.png,C:\Users\dunli\Documents\STSY-project-main\Training Data\Original Data\test_images\pos_4_fr_30_3.png,0.030437946319580078
pos_4_fr_30_4.png,C:\Users\dunli\Documents\STSY-project-main\Training Data\Original Data\test_images\pos_4_fr_30_4.png,0.03048872947692871
pos_6_frame_15_1.png,C:\Users\dunli\Documents\STSY-project-main\Training Data\Original Data\test_images\pos_6_frame_15_1.png,0.0285491943359375
pos_6_frame_15_2.png,C:\Users\dunli\Documents\STSY-project-main\Training Data\Original Data\test_images\pos_6_frame_15_2.png,0.02974987030029297
pos_6_frame_15_3.png,C:\Users\dunli\Documents\STSY-project-main\Training Data\Original Data\test_images\pos_6_frame_15_3.png,0.029561519622802734
pos_6_frame_15_4.png,C:\Users\dunli\Documents\STSY-project-main\Training Data\Original Data\test_images\pos_6_frame_15_4.png,0.029516220092773438
pos_6_frame_1_1.png,C:\Users\dunli\Documents\STSY-project-main\Training Data\Original Data\test_images\pos_6_frame_1_1.png,0.02998042106628418
pos_6_frame_1_2.png,C:\Users\dunli\Documents\STSY-project-main\Training Data\Original Data\test_images\pos_6_frame_1_2.png,0.029669761657714844
pos_6_frame_1_3.png,C:\Users\dunli\Documents\STSY-project-main\Training Data\Original Data\test_images\pos_6_frame_1_3.png,0.029256582260131836
pos_6_frame_1_4.png,C:\Users\dunli\Documents\STSY-project-main\Training Data\Original Data\test_images\pos_6_frame_1_4.png,0.029865503311157227
pos_6_frame_30_1.png,C:\Users\dunli\Documents\STSY-project-main\Training Data\Original Data\test_images\pos_6_frame_30_1.png,0.03019571304321289
pos_6_frame_30_2.png,C:\Users\dunli\Documents\STSY-project-main\Training Data\Original Data\test_images\pos_6_frame_30_2.png,0.028594255447387695
pos_6_frame_30_3.png,C:\Users\dunli\Documents\STSY-project-main\Training Data\Original Data\test_images\pos_6_frame_30_3.png,0.02895522117614746
pos_6_frame_30_4.png,C:\Users\dunli\Documents\STSY-project-main\Training Data\Original Data\test_images\pos_6_frame_30_4.png,0.028762102127075195
pos_6_frame_55_1.png,C:\Users\dunli\Documents\STSY-project-main\Training Data\Original Data\test_images\pos_6_frame_55_1.png,0.029524803161621094
pos_6_frame_55_2.png,C:\Users\dunli\Documents\STSY-project-main\Training Data\Original Data\test_images\pos_6_frame_55_2.png,0.029247045516967773
pos_6_frame_55_3.png,C:\Users\dunli\Documents\STSY-project-main\Training Data\Original Data\test_images\pos_6_frame_55_3.png,0.028933048248291016
pos_6_frame_55_4.png,C:\Users\dunli\Documents\STSY-project-main\Training Data\Original Data\test_images\pos_6_frame_55_4.png,0.029656171798706055
pos_6_frame_80_1.png,C:\Users\dunli\Documents\STSY-project-main\Training Data\Original Data\test_images\pos_6_frame_80_1.png,0.02896595001220703
pos_6_frame_80_2.png,C:\Users\dunli\Documents\STSY-project-main\Training Data\Original Data\test_images\pos_6_frame_80_2.png,0.030575990676879883
pos_6_frame_80_3.png,C:\Users\dunli\Documents\STSY-project-main\Training Data\Original Data\test_images\pos_6_frame_80_3.png,0.03058624267578125
pos_6_frame_80_4.png,C:\Users\dunli\Documents\STSY-project-main\Training Data\Original Data\test_images\pos_6_frame_80_4.png,0.029895782470703125
pos_8_frame_15_1.png,C:\Users\dunli\Documents\STSY-project-main\Training Data\Original Data\test_images\pos_8_frame_15_1.png,0.029078006744384766
pos_8_frame_15_2.png,C:\Users\dunli\Documents\STSY-project-main\Training Data\Original Data\test_images\pos_8_frame_15_2.png,0.029114246368408203
pos_8_frame_15_3.png,C:\Users\dunli\Documents\STSY-project-main\Training Data\Original Data\test_images\pos_8_frame_15_3.png,0.029566526412963867
pos_8_frame_15_4.png,C:\Users\dunli\Documents\STSY-project-main\Training Data\Original Data\test_images\pos_8_frame_15_4.png,0.03020334243774414
pos_8_frame_1_1.png,C:\Users\dunli\Documents\STSY-project-main\Training Data\Original Data\test_images\pos_8_frame_1_1.png,0.029388904571533203
pos_8_frame_1_2.png,C:\Users\dunli\Documents\STSY-project-main\Training Data\Original Data\test_images\pos_8_frame_1_2.png,0.029727935791015625
pos_8_frame_1_3.png,C:\Users\dunli\Documents\STSY-project-main\Training Data\Original Data\test_images\pos_8_frame_1_3.png,0.029205799102783203
pos_8_frame_1_4.png,C:\Users\dunli\Documents\STSY-project-main\Training Data\Original Data\test_images\pos_8_frame_1_4.png,0.029216289520263672
pos_8_frame_30_1.png,C:\Users\dunli\Documents\STSY-project-main\Training Data\Original Data\test_images\pos_8_frame_30_1.png,0.029735088348388672
pos_8_frame_30_2.png,C:\Users\dunli\Documents\STSY-project-main\Training Data\Original Data\test_images\pos_8_frame_30_2.png,0.029432296752929688
pos_8_frame_30_3.png,C:\Users\dunli\Documents\STSY-project-main\Training Data\Original Data\test_images\pos_8_frame_30_3.png,0.030005931854248047
pos_8_frame_30_4.png,C:\Users\dunli\Documents\STSY-project-main\Training Data\Original Data\test_images\pos_8_frame_30_4.png,0.030829906463623047
pos_8_frame_55_1.png,C:\Users\dunli\Documents\STSY-project-main\Training Data\Original Data\test_images\pos_8_frame_55_1.png,0.030146360397338867
pos_8_frame_55_2.png,C:\Users\dunli\Documents\STSY-project-main\Training Data\Original Data\test_images\pos_8_frame_55_2.png,0.030507564544677734
pos_8_frame_55_3.png,C:\Users\dunli\Documents\STSY-project-main\Training Data\Original Data\test_images\pos_8_frame_55_3.png,0.029172420501708984
pos_8_frame_55_4.png,C:\Users\dunli\Documents\STSY-project-main\Training Data\Original Data\test_images\pos_8_frame_55_4.png,0.02903890609741211
pos_8_frame_80_1.png,C:\Users\dunli\Documents\STSY-project-main\Training Data\Original Data\test_images\pos_8_frame_80_1.png,0.029783964157104492
pos_8_frame_80_2.png,C:\Users\dunli\Documents\STSY-project-main\Training Data\Original Data\test_images\pos_8_frame_80_2.png,0.029304027557373047
pos_8_frame_80_3.png,C:\Users\dunli\Documents\STSY-project-main\Training Data\Original Data\test_images\pos_8_frame_80_3.png,0.029718399047851562
pos_8_frame_80_4.png,C:\Users\dunli\Documents\STSY-project-main\Training Data\Original Data\test_images\pos_8_frame_80_4.png,0.029194116592407227
pos_4_frame_15_1.png,C:\Users\dunli\Documents\STSY-project-main\Training Data\Original Data\test_images\pos_4_frame_15_1.png,1.300562858581543
pos_4_frame_15_2.png,C:\Users\dunli\Documents\STSY-project-main\Training Data\Original Data\test_images\pos_4_frame_15_2.png,0.037893056869506836
pos_4_frame_15_3.png,C:\Users\dunli\Documents\STSY-project-main\Training Data\Original Data\test_images\pos_4_frame_15_3.png,0.032016754150390625
pos_4_frame_15_4.png,C:\Users\dunli\Documents\STSY-project-main\Training Data\Original Data\test_images\pos_4_frame_15_4.png,0.03392910957336426
pos_4_frame_55_1.png,C:\Users\dunli\Documents\STSY-project-main\Training Data\Original Data\test_images\pos_4_frame_55_1.png,0.03391909599304199
pos_4_frame_55_2.png,C:\Users\dunli\Documents\STSY-project-main\Training Data\Original Data\test_images\pos_4_frame_55_2.png,0.031900644302368164
pos_4_frame_55_3.png,C:\Users\dunli\Documents\STSY-project-main\Training Data\Original Data\test_images\pos_4_frame_55_3.png,0.0306854248046875
pos_4_frame_55_4.png,C:\Users\dunli\Documents\STSY-project-main\Training Data\Original Data\test_images\pos_4_frame_55_4.png,0.03162240982055664
pos_4_frame_80_1.png,C:\Users\dunli\Documents\STSY-project-main\Training Data\Original Data\test_images\pos_4_frame_80_1.png,0.029885530471801758
pos_4_frame_80_2.png,C:\Users\dunli\Documents\STSY-project-main\Training Data\Original Data\test_images\pos_4_frame_80_2.png,0.029448747634887695
pos_4_frame_80_3.png,C:\Users\dunli\Documents\STSY-project-main\Training Data\Original Data\test_images\pos_4_frame_80_3.png,0.02990889549255371
pos_4_frame_80_4.png,C:\Users\dunli\Documents\STSY-project-main\Training Data\Original Data\test_images\pos_4_frame_80_4.png,0.02922534942626953
pos_4_fr_1_1.png,C:\Users\dunli\Documents\STSY-project-main\Training Data\Original Data\test_images\pos_4_fr_1_1.png,0.029002904891967773
pos_4_fr_1_2.png,C:\Users\dunli\Documents\STSY-project-main\Training Data\Original Data\test_images\pos_4_fr_1_2.png,0.030856609344482422
pos_4_fr_1_3.png,C:\Users\dunli\Documents\STSY-project-main\Training Data\Original Data\test_images\pos_4_fr_1_3.png,0.02861499786376953
pos_4_fr_1_4.png,C:\Users\dunli\Documents\STSY-project-main\Training Data\Original Data\test_images\pos_4_fr_1_4.png,0.030026674270629883
pos_4_fr_30_1.png,C:\Users\dunli\Documents\STSY-project-main\Training Data\Original Data\test_images\pos_4_fr_30_1.png,0.029964923858642578
pos_4_fr_30_2.png,C:\Users\dunli\Documents\STSY-project-main\Training Data\Original Data\test_images\pos_4_fr_30_2.png,0.029546737670898438
pos_4_fr_30_3.png,C:\Users\dunli\Documents\STSY-project-main\Training Data\Original Data\test_images\pos_4_fr_30_3.png,0.02946925163269043
pos_4_fr_30_4.png,C:\Users\dunli\Documents\STSY-project-main\Training Data\Original Data\test_images\pos_4_fr_30_4.png,0.029707670211791992
pos_6_frame_15_1.png,C:\Users\dunli\Documents\STSY-project-main\Training Data\Original Data\test_images\pos_6_frame_15_1.png,0.029541969299316406
pos_6_frame_15_2.png,C:\Users\dunli\Documents\STSY-project-main\Training Data\Original Data\test_images\pos_6_frame_15_2.png,0.029538631439208984
pos_6_frame_15_3.png,C:\Users\dunli\Documents\STSY-project-main\Training Data\Original Data\test_images\pos_6_frame_15_3.png,0.03048253059387207
pos_6_frame_15_4.png,C:\Users\dunli\Documents\STSY-project-main\Training Data\Original Data\test_images\pos_6_frame_15_4.png,0.029749631881713867
pos_6_frame_1_1.png,C:\Users\dunli\Documents\STSY-project-main\Training Data\Original Data\test_images\pos_6_frame_1_1.png,0.028723478317260742
pos_6_frame_1_2.png,C:\Users\dunli\Documents\STSY-project-main\Training Data\Original Data\test_images\pos_6_frame_1_2.png,0.03069019317626953
pos_6_frame_1_3.png,C:\Users\dunli\Documents\STSY-project-main\Training Data\Original Data\test_images\pos_6_frame_1_3.png,0.03043818473815918
pos_6_frame_1_4.png,C:\Users\dunli\Documents\STSY-project-main\Training Data\Original Data\test_images\pos_6_frame_1_4.png,0.02975773811340332
pos_6_frame_30_1.png,C:\Users\dunli\Documents\STSY-project-main\Training Data\Original Data\test_images\pos_6_frame_30_1.png,0.029447078704833984
pos_6_frame_30_2.png,C:\Users\dunli\Documents\STSY-project-main\Training Data\Original Data\test_images\pos_6_frame_30_2.png,0.030462026596069336
pos_6_frame_30_3.png,C:\Users\dunli\Documents\STSY-project-main\Training Data\Original Data\test_images\pos_6_frame_30_3.png,0.031249523162841797
pos_6_frame_30_4.png,C:\Users\dunli\Documents\STSY-project-main\Training Data\Original Data\test_images\pos_6_frame_30_4.png,0.0291445255279541
pos_6_frame_55_1.png,C:\Users\dunli\Documents\STSY-project-main\Training Data\Original Data\test_images\pos_6_frame_55_1.png,0.02989959716796875
pos_6_frame_55_2.png,C:\Users\dunli\Documents\STSY-project-main\Training Data\Original Data\test_images\pos_6_frame_55_2.png,0.02852797508239746
pos_6_frame_55_3.png,C:\Users\dunli\Documents\STSY-project-main\Training Data\Original Data\test_images\pos_6_frame_55_3.png,0.029673099517822266
pos_6_frame_55_4.png,C:\Users\dunli\Documents\STSY-project-main\Training Data\Original Data\test_images\pos_6_frame_55_4.png,0.029960155487060547
pos_6_frame_80_1.png,C:\Users\dunli\Documents\STSY-project-main\Training Data\Original Data\test_images\pos_6_frame_80_1.png,0.029647111892700195
pos_6_frame_80_2.png,C:\Users\dunli\Documents\STSY-project-main\Training Data\Original Data\test_images\pos_6_frame_80_2.png,0.030373096466064453
pos_6_frame_80_3.png,C:\Users\dunli\Documents\STSY-project-main\Training Data\Original Data\test_images\pos_6_frame_80_3.png,0.03058171272277832
pos_6_frame_80_4.png,C:\Users\dunli\Documents\STSY-project-main\Training Data\Original Data\test_images\pos_6_frame_80_4.png,0.029689550399780273
pos_8_frame_15_1.png,C:\Users\dunli\Documents\STSY-project-main\Training Data\Original Data\test_images\pos_8_frame_15_1.png,0.029806852340698242
pos_8_frame_15_2.png,C:\Users\dunli\Documents\STSY-project-main\Training Data\Original Data\test_images\pos_8_frame_15_2.png,0.029094934463500977
pos_8_frame_15_3.png,C:\Users\dunli\Documents\STSY-project-main\Training Data\Original Data\test_images\pos_8_frame_15_3.png,0.03031635284423828
pos_8_frame_15_4.png,C:\Users\dunli\Documents\STSY-project-main\Training Data\Original Data\test_images\pos_8_frame_15_4.png,0.0305025577545166
pos_8_frame_1_1.png,C:\Users\dunli\Documents\STSY-project-main\Training Data\Original Data\test_images\pos_8_frame_1_1.png,0.029290199279785156
pos_8_frame_1_2.png,C:\Users\dunli\Documents\STSY-project-main\Training Data\Original Data\test_images\pos_8_frame_1_2.png,0.029796361923217773
pos_8_frame_1_3.png,C:\Users\dunli\Documents\STSY-project-main\Training Data\Original Data\test_images\pos_8_frame_1_3.png,0.03041672706604004
pos_8_frame_1_4.png,C:\Users\dunli\Documents\STSY-project-main\Training Data\Original Data\test_images\pos_8_frame_1_4.png,0.02959275245666504
pos_8_frame_30_1.png,C:\Users\dunli\Documents\STSY-project-main\Training Data\Original Data\test_images\pos_8_frame_30_1.png,0.029772281646728516
pos_8_frame_30_2.png,C:\Users\dunli\Documents\STSY-project-main\Training Data\Original Data\test_images\pos_8_frame_30_2.png,0.030220985412597656
pos_8_frame_30_3.png,C:\Users\dunli\Documents\STSY-project-main\Training Data\Original Data\test_images\pos_8_frame_30_3.png,0.029733896255493164
pos_8_frame_30_4.png,C:\Users\dunli\Documents\STSY-project-main\Training Data\Original Data\test_images\pos_8_frame_30_4.png,0.030297517776489258
pos_8_frame_55_1.png,C:\Users\dunli\Documents\STSY-project-main\Training Data\Original Data\test_images\pos_8_frame_55_1.png,0.030040502548217773
pos_8_frame_55_2.png,C:\Users\dunli\Documents\STSY-project-main\Training Data\Original Data\test_images\pos_8_frame_55_2.png,0.029476404190063477
pos_8_frame_55_3.png,C:\Users\dunli\Documents\STSY-project-main\Training Data\Original Data\test_images\pos_8_frame_55_3.png,0.03177213668823242
pos_8_frame_55_4.png,C:\Users\dunli\Documents\STSY-project-main\Training Data\Original Data\test_images\pos_8_frame_55_4.png,0.02896857261657715
pos_8_frame_80_1.png,C:\Users\dunli\Documents\STSY-project-main\Training Data\Original Data\test_images\pos_8_frame_80_1.png,0.030648469924926758
pos_8_frame_80_2.png,C:\Users\dunli\Documents\STSY-project-main\Training Data\Original Data\test_images\pos_8_frame_80_2.png,0.029821157455444336
pos_8_frame_80_3.png,C:\Users\dunli\Documents\STSY-project-main\Training Data\Original Data\test_images\pos_8_frame_80_3.png,0.029622793197631836
pos_8_frame_80_4.png,C:\Users\dunli\Documents\STSY-project-main\Training Data\Original Data\test_images\pos_8_frame_80_4.png,0.03073906898498535
pos_4_frame_15_1.png,C:\Users\dunli\Documents\STSY-project-main\Training Data\Original Data\test_images\pos_4_frame_15_1.png,1.2932398319244385
pos_4_frame_15_2.png,C:\Users\dunli\Documents\STSY-project-main\Training Data\Original Data\test_images\pos_4_frame_15_2.png,0.037642717361450195
pos_4_frame_15_3.png,C:\Users\dunli\Documents\STSY-project-main\Training Data\Original Data\test_images\pos_4_frame_15_3.png,0.03101968765258789
pos_4_frame_15_4.png,C:\Users\dunli\Documents\STSY-project-main\Training Data\Original Data\test_images\pos_4_frame_15_4.png,0.03370165824890137
pos_4_frame_55_1.png,C:\Users\dunli\Documents\STSY-project-main\Training Data\Original Data\test_images\pos_4_frame_55_1.png,0.034822702407836914
pos_4_frame_55_2.png,C:\Users\dunli\Documents\STSY-project-main\Training Data\Original Data\test_images\pos_4_frame_55_2.png,0.02992725372314453
pos_4_frame_55_3.png,C:\Users\dunli\Documents\STSY-project-main\Training Data\Original Data\test_images\pos_4_frame_55_3.png,0.030990123748779297
pos_4_frame_55_4.png,C:\Users\dunli\Documents\STSY-project-main\Training Data\Original Data\test_images\pos_4_frame_55_4.png,0.03006744384765625
pos_4_frame_80_1.png,C:\Users\dunli\Documents\STSY-project-main\Training Data\Original Data\test_images\pos_4_frame_80_1.png,0.029715299606323242
pos_4_frame_80_2.png,C:\Users\dunli\Documents\STSY-project-main\Training Data\Original Data\test_images\pos_4_frame_80_2.png,0.02975916862487793
pos_4_frame_80_3.png,C:\Users\dunli\Documents\STSY-project-main\Training Data\Original Data\test_images\pos_4_frame_80_3.png,0.030539512634277344
pos_4_frame_80_4.png,C:\Users\dunli\Documents\STSY-project-main\Training Data\Original Data\test_images\pos_4_frame_80_4.png,0.029863595962524414
pos_4_fr_1_1.png,C:\Users\dunli\Documents\STSY-project-main\Training Data\Original Data\test_images\pos_4_fr_1_1.png,0.028864145278930664
pos_4_fr_1_2.png,C:\Users\dunli\Documents\STSY-project-main\Training Data\Original Data\test_images\pos_4_fr_1_2.png,0.028427600860595703
pos_4_fr_1_3.png,C:\Users\dunli\Documents\STSY-project-main\Training Data\Original Data\test_images\pos_4_fr_1_3.png,0.03026580810546875
pos_4_fr_1_4.png,C:\Users\dunli\Documents\STSY-project-main\Training Data\Original Data\test_images\pos_4_fr_1_4.png,0.028217315673828125
pos_4_fr_30_1.png,C:\Users\dunli\Documents\STSY-project-main\Training Data\Original Data\test_images\pos_4_fr_30_1.png,0.03208780288696289
pos_4_fr_30_2.png,C:\Users\dunli\Documents\STSY-project-main\Training Data\Original Data\test_images\pos_4_fr_30_2.png,0.028930187225341797
pos_4_fr_30_3.png,C:\Users\dunli\Documents\STSY-project-main\Training Data\Original Data\test_images\pos_4_fr_30_3.png,0.029815673828125
pos_4_fr_30_4.png,C:\Users\dunli\Documents\STSY-project-main\Training Data\Original Data\test_images\pos_4_fr_30_4.png,0.029311180114746094
pos_6_frame_15_1.png,C:\Users\dunli\Documents\STSY-project-main\Training Data\Original Data\test_images\pos_6_frame_15_1.png,0.03084564208984375
pos_6_frame_15_2.png,C:\Users\dunli\Documents\STSY-project-main\Training Data\Original Data\test_images\pos_6_frame_15_2.png,0.029458045959472656
pos_6_frame_15_3.png,C:\Users\dunli\Documents\STSY-project-main\Training Data\Original Data\test_images\pos_6_frame_15_3.png,0.029079437255859375
pos_6_frame_15_4.png,C:\Users\dunli\Documents\STSY-project-main\Training Data\Original Data\test_images\pos_6_frame_15_4.png,0.030404329299926758
pos_6_frame_1_1.png,C:\Users\dunli\Documents\STSY-project-main\Training Data\Original Data\test_images\pos_6_frame_1_1.png,0.03133535385131836
pos_6_frame_1_2.png,C:\Users\dunli\Documents\STSY-project-main\Training Data\Original Data\test_images\pos_6_frame_1_2.png,0.02955913543701172
pos_6_frame_1_3.png,C:\Users\dunli\Documents\STSY-project-main\Training Data\Original Data\test_images\pos_6_frame_1_3.png,0.030531883239746094
pos_6_frame_1_4.png,C:\Users\dunli\Documents\STSY-project-main\Training Data\Original Data\test_images\pos_6_frame_1_4.png,0.02841353416442871
pos_6_frame_30_1.png,C:\Users\dunli\Documents\STSY-project-main\Training Data\Original Data\test_images\pos_6_frame_30_1.png,0.029676437377929688
pos_6_frame_30_2.png,C:\Users\dunli\Documents\STSY-project-main\Training Data\Original Data\test_images\pos_6_frame_30_2.png,0.028973102569580078
pos_6_frame_30_3.png,C:\Users\dunli\Documents\STSY-project-main\Training Data\Original Data\test_images\pos_6_frame_30_3.png,0.03007340431213379
pos_6_frame_30_4.png,C:\Users\dunli\Documents\STSY-project-main\Training Data\Original Data\test_images\pos_6_frame_30_4.png,0.02966904640197754
pos_6_frame_55_1.png,C:\Users\dunli\Documents\STSY-project-main\Training Data\Original Data\test_images\pos_6_frame_55_1.png,0.02964019775390625
pos_6_frame_55_2.png,C:\Users\dunli\Documents\STSY-project-main\Training Data\Original Data\test_images\pos_6_frame_55_2.png,0.03063058853149414
pos_6_frame_55_3.png,C:\Users\dunli\Documents\STSY-project-main\Training Data\Original Data\test_images\pos_6_frame_55_3.png,0.030481815338134766
pos_6_frame_55_4.png,C:\Users\dunli\Documents\STSY-project-main\Training Data\Original Data\test_images\pos_6_frame_55_4.png,0.02934741973876953
pos_6_frame_80_1.png,C:\Users\dunli\Documents\STSY-project-main\Training Data\Original Data\test_images\pos_6_frame_80_1.png,0.03275895118713379
pos_6_frame_80_2.png,C:\Users\dunli\Documents\STSY-project-main\Training Data\Original Data\test_images\pos_6_frame_80_2.png,0.029242277145385742
pos_6_frame_80_3.png,C:\Users\dunli\Documents\STSY-project-main\Training Data\Original Data\test_images\pos_6_frame_80_3.png,0.030904531478881836
pos_6_frame_80_4.png,C:\Users\dunli\Documents\STSY-project-main\Training Data\Original Data\test_images\pos_6_frame_80_4.png,0.0291898250579834
pos_8_frame_15_1.png,C:\Users\dunli\Documents\STSY-project-main\Training Data\Original Data\test_images\pos_8_frame_15_1.png,0.031636714935302734
pos_8_frame_15_2.png,C:\Users\dunli\Documents\STSY-project-main\Training Data\Original Data\test_images\pos_8_frame_15_2.png,0.029989957809448242
pos_8_frame_15_3.png,C:\Users\dunli\Documents\STSY-project-main\Training Data\Original Data\test_images\pos_8_frame_15_3.png,0.029374361038208008
pos_8_frame_15_4.png,C:\Users\dunli\Documents\STSY-project-main\Training Data\Original Data\test_images\pos_8_frame_15_4.png,0.029986143112182617
pos_8_frame_1_1.png,C:\Users\dunli\Documents\STSY-project-main\Training Data\Original Data\test_images\pos_8_frame_1_1.png,0.028632164001464844
pos_8_frame_1_2.png,C:\Users\dunli\Documents\STSY-project-main\Training Data\Original Data\test_images\pos_8_frame_1_2.png,0.03043079376220703
pos_8_frame_1_3.png,C:\Users\dunli\Documents\STSY-project-main\Training Data\Original Data\test_images\pos_8_frame_1_3.png,0.02911520004272461
pos_8_frame_1_4.png,C:\Users\dunli\Documents\STSY-project-main\Training Data\Original Data\test_images\pos_8_frame_1_4.png,0.030298948287963867
pos_8_frame_30_1.png,C:\Users\dunli\Documents\STSY-project-main\Training Data\Original Data\test_images\pos_8_frame_30_1.png,0.029759645462036133
pos_8_frame_30_2.png,C:\Users\dunli\Documents\STSY-project-main\Training Data\Original Data\test_images\pos_8_frame_30_2.png,0.02946758270263672
pos_8_frame_30_3.png,C:\Users\dunli\Documents\STSY-project-main\Training Data\Original Data\test_images\pos_8_frame_30_3.png,0.030496597290039062
pos_8_frame_30_4.png,C:\Users\dunli\Documents\STSY-project-main\Training Data\Original Data\test_images\pos_8_frame_30_4.png,0.030322790145874023
pos_8_frame_55_1.png,C:\Users\dunli\Documents\STSY-project-main\Training Data\Original Data\test_images\pos_8_frame_55_1.png,0.028780698776245117
pos_8_frame_55_2.png,C:\Users\dunli\Documents\STSY-project-main\Training Data\Original Data\test_images\pos_8_frame_55_2.png,0.030575990676879883
pos_8_frame_55_3.png,C:\Users\dunli\Documents\STSY-project-main\Training Data\Original Data\test_images\pos_8_frame_55_3.png,0.030412912368774414
pos_8_frame_55_4.png,C:\Users\dunli\Documents\STSY-project-main\Training Data\Original Data\test_images\pos_8_frame_55_4.png,0.02944159507751465
pos_8_frame_80_1.png,C:\Users\dunli\Documents\STSY-project-main\Training Data\Original Data\test_images\pos_8_frame_80_1.png,0.029600858688354492
pos_8_frame_80_2.png,C:\Users\dunli\Documents\STSY-project-main\Training Data\Original Data\test_images\pos_8_frame_80_2.png,0.029230833053588867
pos_8_frame_80_3.png,C:\Users\dunli\Documents\STSY-project-main\Training Data\Original Data\test_images\pos_8_frame_80_3.png,0.03152942657470703
pos_8_frame_80_4.png,C:\Users\dunli\Documents\STSY-project-main\Training Data\Original Data\test_images\pos_8_frame_80_4.png,0.029331684112548828
pos_4_frame_15_1.png,C:\Users\dunli\Documents\STSY-project-main\Training Data\Original Data\test_images\pos_4_frame_15_1.png,1.9393229484558105
pos_4_frame_15_2.png,C:\Users\dunli\Documents\STSY-project-main\Training Data\Original Data\test_images\pos_4_frame_15_2.png,0.8790841102600098
pos_4_frame_15_3.png,C:\Users\dunli\Documents\STSY-project-main\Training Data\Original Data\test_images\pos_4_frame_15_3.png,0.8701040744781494
pos_4_frame_15_4.png,C:\Users\dunli\Documents\STSY-project-main\Training Data\Original Data\test_images\pos_4_frame_15_4.png,0.9064009189605713
pos_4_frame_55_1.png,C:\Users\dunli\Documents\STSY-project-main\Training Data\Original Data\test_images\pos_4_frame_55_1.png,0.8793494701385498
pos_4_frame_55_2.png,C:\Users\dunli\Documents\STSY-project-main\Training Data\Original Data\test_images\pos_4_frame_55_2.png,0.9110314846038818
pos_4_frame_55_3.png,C:\Users\dunli\Documents\STSY-project-main\Training Data\Original Data\test_images\pos_4_frame_55_3.png,0.8989779949188232
pos_4_frame_55_4.png,C:\Users\dunli\Documents\STSY-project-main\Training Data\Original Data\test_images\pos_4_frame_55_4.png,0.960787296295166
pos_4_frame_80_1.png,C:\Users\dunli\Documents\STSY-project-main\Training Data\Original Data\test_images\pos_4_frame_80_1.png,0.975304365158081
pos_4_frame_80_2.png,C:\Users\dunli\Documents\STSY-project-main\Training Data\Original Data\test_images\pos_4_frame_80_2.png,0.9404423236846924
pos_4_frame_80_3.png,C:\Users\dunli\Documents\STSY-project-main\Training Data\Original Data\test_images\pos_4_frame_80_3.png,0.9935648441314697
pos_4_frame_80_4.png,C:\Users\dunli\Documents\STSY-project-main\Training Data\Original Data\test_images\pos_4_frame_80_4.png,0.9181680679321289
pos_4_fr_1_1.png,C:\Users\dunli\Documents\STSY-project-main\Training Data\Original Data\test_images\pos_4_fr_1_1.png,0.935530424118042
pos_4_fr_1_2.png,C:\Users\dunli\Documents\STSY-project-main\Training Data\Original Data\test_images\pos_4_fr_1_2.png,1.340613842010498
pos_4_fr_1_3.png,C:\Users\dunli\Documents\STSY-project-main\Training Data\Original Data\test_images\pos_4_fr_1_3.png,1.4345052242279053
pos_4_fr_1_4.png,C:\Users\dunli\Documents\STSY-project-main\Training Data\Original Data\test_images\pos_4_fr_1_4.png,1.6677420139312744
pos_4_fr_30_1.png,C:\Users\dunli\Documents\STSY-project-main\Training Data\Original Data\test_images\pos_4_fr_30_1.png,1.1687896251678467
pos_4_fr_30_2.png,C:\Users\dunli\Documents\STSY-project-main\Training Data\Original Data\test_images\pos_4_fr_30_2.png,0.9935488700866699
pos_4_fr_30_3.png,C:\Users\dunli\Documents\STSY-project-main\Training Data\Original Data\test_images\pos_4_fr_30_3.png,1.0301482677459717
pos_4_fr_30_4.png,C:\Users\dunli\Documents\STSY-project-main\Training Data\Original Data\test_images\pos_4_fr_30_4.png,1.006394863128662
pos_6_frame_15_1.png,C:\Users\dunli\Documents\STSY-project-main\Training Data\Original Data\test_images\pos_6_frame_15_1.png,1.1090269088745117
pos_6_frame_15_2.png,C:\Users\dunli\Documents\STSY-project-main\Training Data\Original Data\test_images\pos_6_frame_15_2.png,0.9605085849761963
pos_6_frame_15_3.png,C:\Users\dunli\Documents\STSY-project-main\Training Data\Original Data\test_images\pos_6_frame_15_3.png,0.9498765468597412
pos_6_frame_15_4.png,C:\Users\dunli\Documents\STSY-project-main\Training Data\Original Data\test_images\pos_6_frame_15_4.png,0.932218074798584
pos_6_frame_1_1.png,C:\Users\dunli\Documents\STSY-project-main\Training Data\Original Data\test_images\pos_6_frame_1_1.png,0.9305126667022705
pos_6_frame_1_2.png,C:\Users\dunli\Documents\STSY-project-main\Training Data\Original Data\test_images\pos_6_frame_1_2.png,0.9250924587249756
pos_6_frame_1_3.png,C:\Users\dunli\Documents\STSY-project-main\Training Data\Original Data\test_images\pos_6_frame_1_3.png,1.3151719570159912
pos_6_frame_1_4.png,C:\Users\dunli\Documents\STSY-project-main\Training Data\Original Data\test_images\pos_6_frame_1_4.png,1.6940367221832275
pos_6_frame_30_1.png,C:\Users\dunli\Documents\STSY-project-main\Training Data\Original Data\test_images\pos_6_frame_30_1.png,1.5926244258880615
pos_6_frame_30_2.png,C:\Users\dunli\Documents\STSY-project-main\Training Data\Original Data\test_images\pos_6_frame_30_2.png,1.870103120803833
pos_6_frame_30_3.png,C:\Users\dunli\Documents\STSY-project-main\Training Data\Original Data\test_images\pos_6_frame_30_3.png,1.542027473449707
pos_6_frame_30_4.png,C:\Users\dunli\Documents\STSY-project-main\Training Data\Original Data\test_images\pos_6_frame_30_4.png,1.6119680404663086
pos_6_frame_55_1.png,C:\Users\dunli\Documents\STSY-project-main\Training Data\Original Data\test_images\pos_6_frame_55_1.png,1.5343618392944336
pos_6_frame_55_2.png,C:\Users\dunli\Documents\STSY-project-main\Training Data\Original Data\test_images\pos_6_frame_55_2.png,1.4999284744262695
pos_6_frame_55_3.png,C:\Users\dunli\Documents\STSY-project-main\Training Data\Original Data\test_images\pos_6_frame_55_3.png,1.299135684967041
pos_6_frame_55_4.png,C:\Users\dunli\Documents\STSY-project-main\Training Data\Original Data\test_images\pos_6_frame_55_4.png,1.1302313804626465
pos_6_frame_80_1.png,C:\Users\dunli\Documents\STSY-project-main\Training Data\Original Data\test_images\pos_6_frame_80_1.png,1.2784907817840576
pos_6_frame_80_2.png,C:\Users\dunli\Documents\STSY-project-main\Training Data\Original Data\test_images\pos_6_frame_80_2.png,1.2899103164672852
pos_6_frame_80_3.png,C:\Users\dunli\Documents\STSY-project-main\Training Data\Original Data\test_images\pos_6_frame_80_3.png,1.2775046825408936
pos_6_frame_80_4.png,C:\Users\dunli\Documents\STSY-project-main\Training Data\Original Data\test_images\pos_6_frame_80_4.png,1.4310927391052246
pos_8_frame_15_1.png,C:\Users\dunli\Documents\STSY-project-main\Training Data\Original Data\test_images\pos_8_frame_15_1.png,1.4096498489379883
pos_8_frame_15_2.png,C:\Users\dunli\Documents\STSY-project-main\Training Data\Original Data\test_images\pos_8_frame_15_2.png,1.359278678894043
pos_8_frame_15_3.png,C:\Users\dunli\Documents\STSY-project-main\Training Data\Original Data\test_images\pos_8_frame_15_3.png,1.3467068672180176
pos_8_frame_15_4.png,C:\Users\dunli\Documents\STSY-project-main\Training Data\Original Data\test_images\pos_8_frame_15_4.png,1.2814252376556396
pos_8_frame_1_1.png,C:\Users\dunli\Documents\STSY-project-main\Training Data\Original Data\test_images\pos_8_frame_1_1.png,1.1172525882720947
pos_8_frame_1_2.png,C:\Users\dunli\Documents\STSY-project-main\Training Data\Original Data\test_images\pos_8_frame_1_2.png,1.1090145111083984
pos_8_frame_1_3.png,C:\Users\dunli\Documents\STSY-project-main\Training Data\Original Data\test_images\pos_8_frame_1_3.png,1.050525426864624
pos_8_frame_1_4.png,C:\Users\dunli\Documents\STSY-project-main\Training Data\Original Data\test_images\pos_8_frame_1_4.png,0.8862271308898926
pos_8_frame_30_1.png,C:\Users\dunli\Documents\STSY-project-main\Training Data\Original Data\test_images\pos_8_frame_30_1.png,0.897486686706543
pos_8_frame_30_2.png,C:\Users\dunli\Documents\STSY-project-main\Training Data\Original Data\test_images\pos_8_frame_30_2.png,0.8860628604888916
pos_8_frame_30_3.png,C:\Users\dunli\Documents\STSY-project-main\Training Data\Original Data\test_images\pos_8_frame_30_3.png,0.8862950801849365
pos_8_frame_30_4.png,C:\Users\dunli\Documents\STSY-project-main\Training Data\Original Data\test_images\pos_8_frame_30_4.png,0.9016458988189697
pos_8_frame_55_1.png,C:\Users\dunli\Documents\STSY-project-main\Training Data\Original Data\test_images\pos_8_frame_55_1.png,0.9086101055145264
pos_8_frame_55_2.png,C:\Users\dunli\Documents\STSY-project-main\Training Data\Original Data\test_images\pos_8_frame_55_2.png,0.934431791305542
pos_8_frame_55_3.png,C:\Users\dunli\Documents\STSY-project-main\Training Data\Original Data\test_images\pos_8_frame_55_3.png,0.9591195583343506
pos_8_frame_55_4.png,C:\Users\dunli\Documents\STSY-project-main\Training Data\Original Data\test_images\pos_8_frame_55_4.png,0.9245989322662354
pos_8_frame_80_1.png,C:\Users\dunli\Documents\STSY-project-main\Training Data\Original Data\test_images\pos_8_frame_80_1.png,0.8868000507354736
pos_8_frame_80_2.png,C:\Users\dunli\Documents\STSY-project-main\Training Data\Original Data\test_images\pos_8_frame_80_2.png,0.9004197120666504
pos_8_frame_80_3.png,C:\Users\dunli\Documents\STSY-project-main\Training Data\Original Data\test_images\pos_8_frame_80_3.png,0.9046015739440918
pos_8_frame_80_4.png,C:\Users\dunli\Documents\STSY-project-main\Training Data\Original Data\test_images\pos_8_frame_80_4.png,0.9073951244354248
pos_4_frame_15_1.png,C:\Users\dunli\Documents\STSY-project-main\Training Data\Original Data\test_images\pos_4_frame_15_1.png,1.5587937831878662
pos_4_frame_15_2.png,C:\Users\dunli\Documents\STSY-project-main\Training Data\Original Data\test_images\pos_4_frame_15_2.png,0.03646135330200195
pos_4_frame_15_3.png,C:\Users\dunli\Documents\STSY-project-main\Training Data\Original Data\test_images\pos_4_frame_15_3.png,0.03233742713928223
pos_4_frame_15_4.png,C:\Users\dunli\Documents\STSY-project-main\Training Data\Original Data\test_images\pos_4_frame_15_4.png,0.03661298751831055
pos_4_frame_55_1.png,C:\Users\dunli\Documents\STSY-project-main\Training Data\Original Data\test_images\pos_4_frame_55_1.png,0.03290677070617676
pos_4_frame_55_2.png,C:\Users\dunli\Documents\STSY-project-main\Training Data\Original Data\test_images\pos_4_frame_55_2.png,0.033583641052246094
pos_4_frame_55_3.png,C:\Users\dunli\Documents\STSY-project-main\Training Data\Original Data\test_images\pos_4_frame_55_3.png,0.02961277961730957
pos_4_frame_55_4.png,C:\Users\dunli\Documents\STSY-project-main\Training Data\Original Data\test_images\pos_4_frame_55_4.png,0.029253482818603516
pos_4_frame_80_1.png,C:\Users\dunli\Documents\STSY-project-main\Training Data\Original Data\test_images\pos_4_frame_80_1.png,0.0309603214263916
pos_4_frame_80_2.png,C:\Users\dunli\Documents\STSY-project-main\Training Data\Original Data\test_images\pos_4_frame_80_2.png,0.02924942970275879
pos_4_frame_80_3.png,C:\Users\dunli\Documents\STSY-project-main\Training Data\Original Data\test_images\pos_4_frame_80_3.png,0.03047347068786621
pos_4_frame_80_4.png,C:\Users\dunli\Documents\STSY-project-main\Training Data\Original Data\test_images\pos_4_frame_80_4.png,0.02948307991027832
pos_4_fr_1_1.png,C:\Users\dunli\Documents\STSY-project-main\Training Data\Original Data\test_images\pos_4_fr_1_1.png,0.030076026916503906
pos_4_fr_1_2.png,C:\Users\dunli\Documents\STSY-project-main\Training Data\Original Data\test_images\pos_4_fr_1_2.png,0.03085803985595703
pos_4_fr_1_3.png,C:\Users\dunli\Documents\STSY-project-main\Training Data\Original Data\test_images\pos_4_fr_1_3.png,0.029260635375976562
pos_4_fr_1_4.png,C:\Users\dunli\Documents\STSY-project-main\Training Data\Original Data\test_images\pos_4_fr_1_4.png,0.030084609985351562
pos_4_fr_30_1.png,C:\Users\dunli\Documents\STSY-project-main\Training Data\Original Data\test_images\pos_4_fr_30_1.png,0.03234124183654785
pos_4_fr_30_2.png,C:\Users\dunli\Documents\STSY-project-main\Training Data\Original Data\test_images\pos_4_fr_30_2.png,0.02924489974975586
pos_4_fr_30_3.png,C:\Users\dunli\Documents\STSY-project-main\Training Data\Original Data\test_images\pos_4_fr_30_3.png,0.031477928161621094
pos_4_fr_30_4.png,C:\Users\dunli\Documents\STSY-project-main\Training Data\Original Data\test_images\pos_4_fr_30_4.png,0.029244184494018555
pos_6_frame_15_1.png,C:\Users\dunli\Documents\STSY-project-main\Training Data\Original Data\test_images\pos_6_frame_15_1.png,0.029868602752685547
pos_6_frame_15_2.png,C:\Users\dunli\Documents\STSY-project-main\Training Data\Original Data\test_images\pos_6_frame_15_2.png,0.02977275848388672
pos_6_frame_15_3.png,C:\Users\dunli\Documents\STSY-project-main\Training Data\Original Data\test_images\pos_6_frame_15_3.png,0.028910398483276367
pos_6_frame_15_4.png,C:\Users\dunli\Documents\STSY-project-main\Training Data\Original Data\test_images\pos_6_frame_15_4.png,0.02941727638244629
pos_6_frame_1_1.png,C:\Users\dunli\Documents\STSY-project-main\Training Data\Original Data\test_images\pos_6_frame_1_1.png,0.032344818115234375
pos_6_frame_1_2.png,C:\Users\dunli\Documents\STSY-project-main\Training Data\Original Data\test_images\pos_6_frame_1_2.png,0.02915811538696289
pos_6_frame_1_3.png,C:\Users\dunli\Documents\STSY-project-main\Training Data\Original Data\test_images\pos_6_frame_1_3.png,0.029977798461914062
pos_6_frame_1_4.png,C:\Users\dunli\Documents\STSY-project-main\Training Data\Original Data\test_images\pos_6_frame_1_4.png,0.030013084411621094
pos_6_frame_30_1.png,C:\Users\dunli\Documents\STSY-project-main\Training Data\Original Data\test_images\pos_6_frame_30_1.png,0.029535293579101562
pos_6_frame_30_2.png,C:\Users\dunli\Documents\STSY-project-main\Training Data\Original Data\test_images\pos_6_frame_30_2.png,0.02980947494506836
pos_6_frame_30_3.png,C:\Users\dunli\Documents\STSY-project-main\Training Data\Original Data\test_images\pos_6_frame_30_3.png,0.029458284378051758
pos_6_frame_30_4.png,C:\Users\dunli\Documents\STSY-project-main\Training Data\Original Data\test_images\pos_6_frame_30_4.png,0.029689788818359375
pos_6_frame_55_1.png,C:\Users\dunli\Documents\STSY-project-main\Training Data\Original Data\test_images\pos_6_frame_55_1.png,0.029970169067382812
pos_6_frame_55_2.png,C:\Users\dunli\Documents\STSY-project-main\Training Data\Original Data\test_images\pos_6_frame_55_2.png,0.030220746994018555
pos_6_frame_55_3.png,C:\Users\dunli\Documents\STSY-project-main\Training Data\Original Data\test_images\pos_6_frame_55_3.png,0.029789447784423828
pos_6_frame_55_4.png,C:\Users\dunli\Documents\STSY-project-main\Training Data\Original Data\test_images\pos_6_frame_55_4.png,0.029757261276245117
pos_6_frame_80_1.png,C:\Users\dunli\Documents\STSY-project-main\Training Data\Original Data\test_images\pos_6_frame_80_1.png,0.0289914608001709
pos_6_frame_80_2.png,C:\Users\dunli\Documents\STSY-project-main\Training Data\Original Data\test_images\pos_6_frame_80_2.png,0.030623912811279297
pos_6_frame_80_3.png,C:\Users\dunli\Documents\STSY-project-main\Training Data\Original Data\test_images\pos_6_frame_80_3.png,0.029183149337768555
pos_6_frame_80_4.png,C:\Users\dunli\Documents\STSY-project-main\Training Data\Original Data\test_images\pos_6_frame_80_4.png,0.03037095069885254
pos_8_frame_15_1.png,C:\Users\dunli\Documents\STSY-project-main\Training Data\Original Data\test_images\pos_8_frame_15_1.png,0.030263423919677734
pos_8_frame_15_2.png,C:\Users\dunli\Documents\STSY-project-main\Training Data\Original Data\test_images\pos_8_frame_15_2.png,0.02964925765991211
pos_8_frame_15_3.png,C:\Users\dunli\Documents\STSY-project-main\Training Data\Original Data\test_images\pos_8_frame_15_3.png,0.02952265739440918
pos_8_frame_15_4.png,C:\Users\dunli\Documents\STSY-project-main\Training Data\Original Data\test_images\pos_8_frame_15_4.png,0.029363155364990234
pos_8_frame_1_1.png,C:\Users\dunli\Documents\STSY-project-main\Training Data\Original Data\test_images\pos_8_frame_1_1.png,0.029577255249023438
pos_8_frame_1_2.png,C:\Users\dunli\Documents\STSY-project-main\Training Data\Original Data\test_images\pos_8_frame_1_2.png,0.030681133270263672
pos_8_frame_1_3.png,C:\Users\dunli\Documents\STSY-project-main\Training Data\Original Data\test_images\pos_8_frame_1_3.png,0.030283451080322266
pos_8_frame_1_4.png,C:\Users\dunli\Documents\STSY-project-main\Training Data\Original Data\test_images\pos_8_frame_1_4.png,0.029163599014282227
pos_8_frame_30_1.png,C:\Users\dunli\Documents\STSY-project-main\Training Data\Original Data\test_images\pos_8_frame_30_1.png,0.02965545654296875
pos_8_frame_30_2.png,C:\Users\dunli\Documents\STSY-project-main\Training Data\Original Data\test_images\pos_8_frame_30_2.png,0.029833316802978516
pos_8_frame_30_3.png,C:\Users\dunli\Documents\STSY-project-main\Training Data\Original Data\test_images\pos_8_frame_30_3.png,0.02961111068725586
pos_8_frame_30_4.png,C:\Users\dunli\Documents\STSY-project-main\Training Data\Original Data\test_images\pos_8_frame_30_4.png,0.02942490577697754
pos_8_frame_55_1.png,C:\Users\dunli\Documents\STSY-project-main\Training Data\Original Data\test_images\pos_8_frame_55_1.png,0.02859020233154297
pos_8_frame_55_2.png,C:\Users\dunli\Documents\STSY-project-main\Training Data\Original Data\test_images\pos_8_frame_55_2.png,0.02987980842590332
pos_8_frame_55_3.png,C:\Users\dunli\Documents\STSY-project-main\Training Data\Original Data\test_images\pos_8_frame_55_3.png,0.030683517456054688
pos_8_frame_55_4.png,C:\Users\dunli\Documents\STSY-project-main\Training Data\Original Data\test_images\pos_8_frame_55_4.png,0.030895233154296875
pos_8_frame_80_1.png,C:\Users\dunli\Documents\STSY-project-main\Training Data\Original Data\test_images\pos_8_frame_80_1.png,0.029140710830688477
pos_8_frame_80_2.png,C:\Users\dunli\Documents\STSY-project-main\Training Data\Original Data\test_images\pos_8_frame_80_2.png,0.029880523681640625
pos_8_frame_80_3.png,C:\Users\dunli\Documents\STSY-project-main\Training Data\Original Data\test_images\pos_8_frame_80_3.png,0.03046393394470215
pos_8_frame_80_4.png,C:\Users\dunli\Documents\STSY-project-main\Training Data\Original Data\test_images\pos_8_frame_80_4.png,0.030461788177490234
